lead_id,campaign_id,lead_date,converted,conversion_date,ad_spend,conversion_revenue
LEAD-1001,CMP-102,2025-01-15,1,2025-01-28,199.21,645.83
LEAD-1002,CMP-101,2025-03-16,1,2025-03-20,85.72,850.89
LEAD-1003,CMP-101,2025-03-29,1,2025-04-04,50.19,1192.21
LEAD-1004,CMP-103,2025-02-27,0,,157.99,0.0
LEAD-1005,CMP-101,2025-02-28,0,,61.67,0.0
LEAD-1006,CMP-105,2025-01-15,0,,246.29,0.0
LEAD-1007,CMP-101,2025-02-24,1,2025-03-05,61.61,807.54
LEAD-1008,CMP-101,2025-02-08,0,,285.55,0.0
LEAD-1009,CMP-102,2025-01-09,0,,107.72,0.0
LEAD-1010,CMP-101,2025-03-01,0,,173.79,0.0
LEAD-1011,CMP-101,2025-03-19,0,,95.56,0.0
LEAD-1012,CMP-104,2025-01-06,0,,191.93,0.0
LEAD-1013,CMP-101,2025-01-18,1,2025-01-20,148.79,1126.66
LEAD-1014,CMP-103,2025-01-15,0,,99.0,0.0
LEAD-1015,CMP-101,2025-02-09,1,2025-02-22,117.84,1028.74
LEAD-1016,CMP-102,2025-03-01,0,,85.23,0.0
LEAD-1017,CMP-104,2025-03-06,0,,155.85,0.0
LEAD-1018,CMP-102,2025-01-08,0,,253.87,0.0
LEAD-1019,CMP-103,2025-02-04,1,2025-02-15,68.51,558.47
LEAD-1020,CMP-101,2025-01-07,1,2025-01-19,132.72,263.56
LEAD-1021,CMP-101,2025-03-29,0,,197.82,0.0
LEAD-1022,CMP-101,2025-02-04,0,,79.9,0.0
LEAD-1023,CMP-103,2025-01-01,1,2025-01-08,242.74,693.8
LEAD-1024,CMP-102,2025-01-15,0,,159.83,0.0
LEAD-1025,CMP-101,2025-02-21,0,,223.88,0.0
LEAD-1026,CMP-101,2025-01-15,1,2025-01-19,285.71,798.87
LEAD-1027,CMP-103,2025-01-28,1,2025-02-10,123.91,305.49
LEAD-1028,CMP-102,2025-02-13,0,,270.82,0.0
LEAD-1029,CMP-101,2025-03-30,0,,77.51,0.0
LEAD-1030,CMP-101,2025-03-03,0,,138.14,0.0
LEAD-1031,CMP-101,2025-03-11,0,,154.35,0.0
LEAD-1032,CMP-101,2025-02-20,0,,111.03,0.0
LEAD-1033,CMP-101,2025-02-01,0,,225.75,0.0
LEAD-1034,CMP-102,2025-02-27,1,2025-03-06,174.31,500.88
LEAD-1035,CMP-101,2025-03-22,0,,294.15,0.0
LEAD-1036,CMP-102,2025-03-28,0,,277.07,0.0
LEAD-1037,CMP-101,2025-01-02,0,,161.95,0.0
LEAD-1038,CMP-102,2025-03-09,0,,142.41,0.0
LEAD-1039,CMP-101,2025-02-07,0,,208.08,0.0
LEAD-1040,CMP-103,2025-01-11,1,2025-01-12,87.68,708.2
LEAD-1041,CMP-103,2025-01-03,0,,219.39,0.0
LEAD-1042,CMP-101,2025-03-08,1,2025-03-12,211.29,374.37
LEAD-1043,CMP-103,2025-02-08,1,2025-02-09,218.92,935.22
LEAD-1044,CMP-101,2025-01-31,1,2025-02-03,107.14,374.95
LEAD-1045,CMP-105,2025-03-01,0,,299.06,0.0
LEAD-1046,CMP-105,2025-03-10,1,2025-03-21,97.18,478.87
LEAD-1047,CMP-103,2025-03-21,1,2025-03-29,151.13,1087.77
LEAD-1048,CMP-104,2025-03-13,1,2025-03-21,201.61,209.2
LEAD-1049,CMP-101,2025-01-25,0,,90.2,0.0
LEAD-1050,CMP-102,2025-02-23,0,,298.61,0.0
LEAD-1051,CMP-101,2025-03-09,0,,131.35,0.0
LEAD-1052,CMP-103,2025-01-08,1,2025-01-09,127.02,742.54
LEAD-1053,CMP-102,2025-03-27,0,,111.0,0.0
LEAD-1054,CMP-105,2025-02-20,1,2025-03-03,158.6,550.08
LEAD-1055,CMP-103,2025-03-05,1,2025-03-17,230.61,480.77
LEAD-1056,CMP-101,2025-02-18,0,,298.64,0.0
LEAD-1057,CMP-102,2025-02-15,1,2025-02-18,236.93,1153.07
LEAD-1058,CMP-101,2025-02-15,1,2025-02-18,295.08,275.35
LEAD-1059,CMP-101,2025-02-01,1,2025-02-04,92.37,756.8
LEAD-1060,CMP-105,2025-02-27,1,2025-03-07,102.23,871.14
LEAD-1061,CMP-102,2025-01-27,0,,130.64,0.0
LEAD-1062,CMP-104,2025-01-09,0,,139.87,0.0
LEAD-1063,CMP-101,2025-01-26,1,2025-02-04,202.88,281.59
LEAD-1064,CMP-101,2025-02-05,1,2025-02-06,67.74,596.78
LEAD-1065,CMP-101,2025-03-28,0,,194.72,0.0
LEAD-1066,CMP-102,2025-03-04,0,,166.4,0.0
LEAD-1067,CMP-102,2025-01-22,0,,57.63,0.0
LEAD-1068,CMP-101,2025-03-11,0,,184.27,0.0
LEAD-1069,CMP-101,2025-01-08,1,2025-01-20,291.31,657.27
LEAD-1070,CMP-104,2025-02-16,0,,84.59,0.0
LEAD-1071,CMP-101,2025-01-30,0,,149.71,0.0
LEAD-1072,CMP-102,2025-02-27,0,,56.34,0.0
LEAD-1073,CMP-105,2025-01-23,0,,222.12,0.0
LEAD-1074,CMP-101,2025-01-01,0,,109.95,0.0
LEAD-1075,CMP-101,2025-03-30,0,,119.98,0.0
LEAD-1076,CMP-105,2025-03-05,0,,202.93,0.0
LEAD-1077,CMP-102,2025-03-17,0,,89.66,0.0
LEAD-1078,CMP-101,2025-01-29,0,,61.5,0.0
LEAD-1079,CMP-101,2025-03-03,0,,168.54,0.0
LEAD-1080,CMP-101,2025-02-17,1,2025-02-21,93.3,633.85
LEAD-1081,CMP-102,2025-01-10,1,2025-01-14,61.33,574.61
LEAD-1082,CMP-103,2025-02-27,0,,184.84,0.0
LEAD-1083,CMP-103,2025-01-16,0,,210.6,0.0
LEAD-1084,CMP-101,2025-02-01,1,2025-02-09,219.29,773.37
LEAD-1085,CMP-101,2025-03-02,0,,285.37,0.0
LEAD-1086,CMP-102,2025-02-02,0,,101.67,0.0
LEAD-1087,CMP-101,2025-01-12,0,,54.56,0.0
LEAD-1088,CMP-101,2025-02-04,0,,213.93,0.0
LEAD-1089,CMP-102,2025-03-15,0,,253.62,0.0
LEAD-1090,CMP-101,2025-03-09,0,,137.08,0.0
LEAD-1091,CMP-105,2025-02-05,0,,291.9,0.0
LEAD-1092,CMP-102,2025-03-14,0,,193.98,0.0
LEAD-1093,CMP-103,2025-02-05,0,,244.1,0.0
LEAD-1094,CMP-101,2025-03-03,0,,109.65,0.0
LEAD-1095,CMP-103,2025-01-23,1,2025-02-01,144.43,734.33
LEAD-1096,CMP-102,2025-03-30,0,,273.88,0.0
LEAD-1097,CMP-102,2025-01-12,1,2025-01-15,72.82,519.31
LEAD-1098,CMP-105,2025-02-21,0,,207.96,0.0
LEAD-1099,CMP-102,2025-01-12,0,,218.13,0.0
LEAD-1100,CMP-104,2025-01-23,1,2025-01-30,72.8,694.42
LEAD-1101,CMP-101,2025-01-05,1,2025-01-18,137.73,317.07
LEAD-1102,CMP-101,2025-03-15,1,2025-03-16,75.28,284.11
LEAD-1103,CMP-103,2025-02-11,0,,272.97,0.0
LEAD-1104,CMP-101,2025-01-29,0,,296.66,0.0
LEAD-1105,CMP-102,2025-03-06,1,2025-03-07,286.81,1186.0
LEAD-1106,CMP-104,2025-03-11,0,,170.42,0.0
LEAD-1107,CMP-102,2025-02-08,0,,276.59,0.0
LEAD-1108,CMP-101,2025-03-08,0,,151.3,0.0
LEAD-1109,CMP-102,2025-01-20,0,,79.38,0.0
LEAD-1110,CMP-103,2025-01-01,0,,109.38,0.0
LEAD-1111,CMP-102,2025-01-25,1,2025-01-31,159.08,1002.11
LEAD-1112,CMP-105,2025-02-14,0,,272.79,0.0
LEAD-1113,CMP-102,2025-03-16,1,2025-03-20,188.46,1169.3
LEAD-1114,CMP-102,2025-02-18,0,,163.64,0.0
LEAD-1115,CMP-103,2025-01-03,1,2025-01-12,278.81,1158.7
LEAD-1116,CMP-101,2025-03-17,0,,133.92,0.0
LEAD-1117,CMP-101,2025-02-05,0,,138.34,0.0
LEAD-1118,CMP-102,2025-02-10,0,,163.31,0.0
LEAD-1119,CMP-101,2025-03-14,0,,253.45,0.0
LEAD-1120,CMP-103,2025-01-29,0,,69.05,0.0
LEAD-1121,CMP-105,2025-03-10,0,,154.56,0.0
LEAD-1122,CMP-105,2025-01-05,0,,144.12,0.0
LEAD-1123,CMP-104,2025-02-18,0,,237.39,0.0
LEAD-1124,CMP-102,2025-02-28,1,2025-03-13,65.88,236.82
LEAD-1125,CMP-101,2025-01-21,0,,266.18,0.0
LEAD-1126,CMP-104,2025-01-05,1,2025-01-10,196.29,926.12
LEAD-1127,CMP-104,2025-03-24,0,,162.64,0.0
LEAD-1128,CMP-101,2025-02-20,0,,101.81,0.0
LEAD-1129,CMP-104,2025-02-01,0,,117.17,0.0
LEAD-1130,CMP-101,2025-02-03,0,,257.84,0.0
LEAD-1131,CMP-101,2025-03-06,0,,190.23,0.0
LEAD-1132,CMP-104,2025-02-26,0,,170.01,0.0
LEAD-1133,CMP-102,2025-03-26,0,,251.26,0.0
LEAD-1134,CMP-105,2025-03-05,0,,137.65,0.0
LEAD-1135,CMP-102,2025-01-30,0,,72.75,0.0
LEAD-1136,CMP-103,2025-02-07,0,,277.62,0.0
LEAD-1137,CMP-101,2025-02-20,0,,249.12,0.0
LEAD-1138,CMP-102,2025-01-17,0,,114.56,0.0
LEAD-1139,CMP-102,2025-02-03,0,,136.85,0.0
LEAD-1140,CMP-101,2025-02-12,0,,68.97,0.0
LEAD-1141,CMP-101,2025-02-24,0,,150.08,0.0
LEAD-1142,CMP-103,2025-01-04,0,,136.42,0.0
LEAD-1143,CMP-104,2025-03-08,0,,293.28,0.0
LEAD-1144,CMP-103,2025-02-20,0,,92.23,0.0
LEAD-1145,CMP-101,2025-03-02,0,,187.18,0.0
LEAD-1146,CMP-102,2025-01-12,0,,141.07,0.0
LEAD-1147,CMP-102,2025-02-14,0,,73.07,0.0
LEAD-1148,CMP-102,2025-03-27,0,,268.39,0.0
LEAD-1149,CMP-105,2025-03-02,0,,267.08,0.0
LEAD-1150,CMP-101,2025-02-21,0,,142.62,0.0
LEAD-1151,CMP-102,2025-03-31,1,2025-04-08,230.13,262.34
LEAD-1152,CMP-101,2025-01-07,0,,261.11,0.0
LEAD-1153,CMP-103,2025-01-18,0,,183.15,0.0
LEAD-1154,CMP-101,2025-03-30,1,2025-04-11,55.02,522.08
LEAD-1155,CMP-101,2025-03-31,0,,108.3,0.0
LEAD-1156,CMP-101,2025-01-25,0,,247.29,0.0
LEAD-1157,CMP-102,2025-03-27,0,,236.36,0.0
LEAD-1158,CMP-102,2025-03-24,0,,134.36,0.0
LEAD-1159,CMP-104,2025-03-05,0,,139.02,0.0
LEAD-1160,CMP-105,2025-02-02,0,,106.33,0.0
LEAD-1161,CMP-102,2025-01-04,1,2025-01-12,274.19,280.23
LEAD-1162,CMP-102,2025-02-09,0,,299.31,0.0
LEAD-1163,CMP-104,2025-03-25,1,2025-03-29,51.33,1175.07
LEAD-1164,CMP-102,2025-02-20,1,2025-02-22,189.19,771.61
LEAD-1165,CMP-101,2025-02-13,0,,292.0,0.0
LEAD-1166,CMP-103,2025-03-25,0,,110.6,0.0
LEAD-1167,CMP-101,2025-03-31,1,2025-04-06,195.31,354.36
LEAD-1168,CMP-102,2025-01-03,0,,134.15,0.0
LEAD-1169,CMP-101,2025-01-23,0,,100.43,0.0
LEAD-1170,CMP-103,2025-03-25,0,,220.38,0.0
LEAD-1171,CMP-104,2025-03-16,0,,201.53,0.0
LEAD-1172,CMP-104,2025-02-18,1,2025-03-02,291.26,324.3
LEAD-1173,CMP-103,2025-01-09,0,,144.81,0.0
LEAD-1174,CMP-105,2025-03-05,0,,260.46,0.0
LEAD-1175,CMP-101,2025-01-14,1,2025-01-17,91.07,1014.57
LEAD-1176,CMP-103,2025-01-26,1,2025-02-04,269.3,592.45
LEAD-1177,CMP-104,2025-02-08,0,,274.92,0.0
LEAD-1178,CMP-103,2025-01-23,0,,194.37,0.0
LEAD-1179,CMP-102,2025-03-07,0,,276.62,0.0
LEAD-1180,CMP-103,2025-02-20,0,,133.2,0.0
LEAD-1181,CMP-103,2025-02-11,0,,248.51,0.0
LEAD-1182,CMP-103,2025-01-27,1,2025-02-02,238.1,906.98
LEAD-1183,CMP-104,2025-02-02,0,,192.47,0.0
LEAD-1184,CMP-104,2025-03-15,0,,255.31,0.0
LEAD-1185,CMP-101,2025-03-29,0,,175.57,0.0
LEAD-1186,CMP-102,2025-01-29,0,,230.56,0.0
LEAD-1187,CMP-103,2025-02-05,0,,112.95,0.0
LEAD-1188,CMP-101,2025-01-11,1,2025-01-19,195.85,600.85
LEAD-1189,CMP-102,2025-02-15,0,,277.96,0.0
LEAD-1190,CMP-101,2025-03-23,0,,54.53,0.0
LEAD-1191,CMP-104,2025-03-17,0,,279.69,0.0
LEAD-1192,CMP-104,2025-02-06,0,,88.13,0.0
LEAD-1193,CMP-102,2025-01-09,0,,234.11,0.0
LEAD-1194,CMP-105,2025-03-27,1,2025-03-28,78.31,1184.84
LEAD-1195,CMP-104,2025-02-23,1,2025-02-24,267.47,718.84
LEAD-1196,CMP-102,2025-01-21,0,,236.06,0.0
LEAD-1197,CMP-101,2025-02-26,0,,133.37,0.0
LEAD-1198,CMP-102,2025-01-25,1,2025-01-31,136.59,546.95
LEAD-1199,CMP-103,2025-01-17,0,,58.21,0.0
LEAD-1200,CMP-105,2025-02-23,0,,174.59,0.0
LEAD-1201,CMP-102,2025-03-29,0,,245.12,0.0
LEAD-1202,CMP-101,2025-01-26,0,,215.88,0.0
LEAD-1203,CMP-101,2025-03-25,0,,189.33,0.0
LEAD-1204,CMP-104,2025-03-04,1,2025-03-05,124.9,509.94
LEAD-1205,CMP-102,2025-02-20,0,,274.51,0.0
LEAD-1206,CMP-101,2025-01-29,0,,144.43,0.0
LEAD-1207,CMP-104,2025-01-19,0,,243.88,0.0
LEAD-1208,CMP-102,2025-03-07,0,,170.27,0.0
LEAD-1209,CMP-102,2025-02-20,0,,95.48,0.0
LEAD-1210,CMP-104,2025-01-03,0,,117.69,0.0
LEAD-1211,CMP-103,2025-03-28,1,2025-03-30,266.75,607.98
LEAD-1212,CMP-102,2025-03-08,0,,217.97,0.0
LEAD-1213,CMP-101,2025-02-23,0,,192.36,0.0
LEAD-1214,CMP-104,2025-01-08,0,,110.79,0.0
LEAD-1215,CMP-103,2025-02-15,1,2025-02-19,286.1,341.08
LEAD-1216,CMP-102,2025-02-24,1,2025-03-03,208.31,935.9
LEAD-1217,CMP-104,2025-01-19,0,,155.36,0.0
LEAD-1218,CMP-104,2025-02-16,0,,133.97,0.0
LEAD-1219,CMP-104,2025-03-08,0,,117.02,0.0
LEAD-1220,CMP-103,2025-02-07,1,2025-02-16,159.03,494.47
LEAD-1221,CMP-105,2025-03-27,1,2025-03-28,267.12,687.43
LEAD-1222,CMP-104,2025-03-22,0,,178.11,0.0
LEAD-1223,CMP-103,2025-03-07,0,,114.47,0.0
LEAD-1224,CMP-101,2025-01-04,0,,275.14,0.0
LEAD-1225,CMP-103,2025-02-06,0,,278.57,0.0
LEAD-1226,CMP-101,2025-02-10,0,,188.54,0.0
LEAD-1227,CMP-103,2025-03-17,0,,52.75,0.0
LEAD-1228,CMP-101,2025-02-26,0,,233.05,0.0
LEAD-1229,CMP-101,2025-02-22,0,,278.6,0.0
LEAD-1230,CMP-102,2025-03-03,0,,61.74,0.0
LEAD-1231,CMP-101,2025-03-06,0,,200.79,0.0
LEAD-1232,CMP-101,2025-01-21,1,2025-02-01,138.92,919.05
LEAD-1233,CMP-101,2025-02-23,0,,215.92,0.0
LEAD-1234,CMP-105,2025-03-10,0,,117.48,0.0
LEAD-1235,CMP-102,2025-03-24,0,,62.86,0.0
LEAD-1236,CMP-102,2025-03-14,1,2025-03-19,136.1,551.54
LEAD-1237,CMP-102,2025-03-02,0,,158.71,0.0
LEAD-1238,CMP-101,2025-01-03,0,,50.58,0.0
LEAD-1239,CMP-105,2025-01-12,0,,72.9,0.0
LEAD-1240,CMP-105,2025-03-02,1,2025-03-11,161.5,385.13
LEAD-1241,CMP-102,2025-03-29,1,2025-04-03,239.76,924.1
LEAD-1242,CMP-103,2025-03-13,0,,172.36,0.0
LEAD-1243,CMP-101,2025-01-26,0,,217.48,0.0
LEAD-1244,CMP-101,2025-01-16,1,2025-01-23,188.95,673.21
LEAD-1245,CMP-101,2025-03-20,0,,124.34,0.0
LEAD-1246,CMP-105,2025-02-28,1,2025-03-02,236.27,254.88
LEAD-1247,CMP-102,2025-02-28,1,2025-03-01,212.54,564.7
LEAD-1248,CMP-102,2025-02-14,0,,224.07,0.0
LEAD-1249,CMP-101,2025-02-24,0,,193.11,0.0
LEAD-1250,CMP-104,2025-01-04,1,2025-01-13,234.46,720.17
LEAD-1251,CMP-102,2025-03-07,0,,267.52,0.0
LEAD-1252,CMP-101,2025-01-13,0,,284.77,0.0
LEAD-1253,CMP-104,2025-02-08,0,,63.17,0.0
LEAD-1254,CMP-101,2025-03-03,0,,206.88,0.0
LEAD-1255,CMP-104,2025-01-10,0,,134.09,0.0
LEAD-1256,CMP-102,2025-03-06,0,,77.62,0.0
LEAD-1257,CMP-102,2025-01-30,1,2025-02-01,108.4,242.09
LEAD-1258,CMP-101,2025-03-20,0,,146.08,0.0
LEAD-1259,CMP-103,2025-01-12,1,2025-01-17,246.59,289.41
LEAD-1260,CMP-102,2025-02-25,1,2025-03-05,166.85,813.41
LEAD-1261,CMP-101,2025-02-21,0,,150.4,0.0
LEAD-1262,CMP-104,2025-02-23,0,,178.17,0.0
LEAD-1263,CMP-101,2025-02-26,0,,96.61,0.0
LEAD-1264,CMP-104,2025-01-06,1,2025-01-12,292.28,1083.79
LEAD-1265,CMP-105,2025-03-02,0,,178.81,0.0
LEAD-1266,CMP-102,2025-01-17,0,,253.96,0.0
LEAD-1267,CMP-101,2025-03-30,0,,195.02,0.0
LEAD-1268,CMP-101,2025-02-25,0,,82.38,0.0
LEAD-1269,CMP-104,2025-01-25,1,2025-02-04,252.38,855.24
LEAD-1270,CMP-102,2025-02-28,0,,113.16,0.0
LEAD-1271,CMP-101,2025-01-05,0,,183.15,0.0
LEAD-1272,CMP-105,2025-02-17,0,,69.03,0.0
LEAD-1273,CMP-104,2025-02-09,1,2025-02-22,276.63,771.32
LEAD-1274,CMP-103,2025-02-09,0,,116.76,0.0
LEAD-1275,CMP-104,2025-01-19,1,2025-01-31,262.65,1067.29
LEAD-1276,CMP-103,2025-02-14,0,,220.04,0.0
LEAD-1277,CMP-103,2025-02-07,0,,270.41,0.0
LEAD-1278,CMP-105,2025-01-31,1,2025-02-10,254.99,428.63
LEAD-1279,CMP-105,2025-03-23,1,2025-04-05,176.87,206.39
LEAD-1280,CMP-101,2025-02-15,0,,189.96,0.0
LEAD-1281,CMP-101,2025-03-01,0,,254.67,0.0
LEAD-1282,CMP-101,2025-03-24,1,2025-04-03,158.06,1040.12
LEAD-1283,CMP-102,2025-03-20,1,2025-04-02,247.2,373.75
LEAD-1284,CMP-104,2025-03-09,0,,227.04,0.0
LEAD-1285,CMP-101,2025-01-10,0,,64.48,0.0
LEAD-1286,CMP-101,2025-03-23,1,2025-04-05,161.49,847.57
LEAD-1287,CMP-102,2025-03-17,0,,55.53,0.0
LEAD-1288,CMP-101,2025-03-20,1,2025-03-31,220.82,645.9
LEAD-1289,CMP-101,2025-01-29,1,2025-02-01,162.85,363.62
LEAD-1290,CMP-104,2025-01-29,0,,259.99,0.0
LEAD-1291,CMP-104,2025-03-25,0,,118.31,0.0
LEAD-1292,CMP-105,2025-02-25,0,,285.9,0.0
LEAD-1293,CMP-102,2025-02-28,1,2025-03-03,118.55,1183.98
LEAD-1294,CMP-102,2025-02-07,0,,103.28,0.0
LEAD-1295,CMP-101,2025-01-25,0,,190.69,0.0
LEAD-1296,CMP-102,2025-01-27,1,2025-02-05,267.16,976.6
LEAD-1297,CMP-104,2025-02-15,0,,54.47,0.0
LEAD-1298,CMP-104,2025-02-13,0,,280.21,0.0
LEAD-1299,CMP-103,2025-02-15,0,,50.31,0.0
LEAD-1300,CMP-102,2025-03-25,0,,100.13,0.0
LEAD-1301,CMP-102,2025-03-04,0,,131.48,0.0
LEAD-1302,CMP-102,2025-03-13,0,,163.81,0.0
LEAD-1303,CMP-101,2025-01-18,0,,148.89,0.0
LEAD-1304,CMP-105,2025-02-07,0,,223.75,0.0
LEAD-1305,CMP-104,2025-02-10,0,,170.13,0.0
LEAD-1306,CMP-101,2025-01-17,0,,192.73,0.0
LEAD-1307,CMP-101,2025-02-23,0,,225.62,0.0
LEAD-1308,CMP-102,2025-02-01,1,2025-02-02,179.43,287.87
LEAD-1309,CMP-102,2025-02-02,1,2025-02-12,149.23,332.72
LEAD-1310,CMP-102,2025-02-15,0,,255.36,0.0
LEAD-1311,CMP-101,2025-02-13,0,,209.11,0.0
LEAD-1312,CMP-103,2025-01-06,0,,204.15,0.0
LEAD-1313,CMP-103,2025-02-10,0,,267.74,0.0
LEAD-1314,CMP-103,2025-03-03,1,2025-03-14,171.1,860.82
LEAD-1315,CMP-102,2025-01-06,1,2025-01-16,170.23,240.75
LEAD-1316,CMP-101,2025-01-14,0,,65.09,0.0
LEAD-1317,CMP-101,2025-01-13,0,,203.94,0.0
LEAD-1318,CMP-101,2025-02-14,0,,247.42,0.0
LEAD-1319,CMP-103,2025-02-20,0,,55.22,0.0
LEAD-1320,CMP-103,2025-02-06,1,2025-02-15,173.32,281.53
LEAD-1321,CMP-102,2025-03-02,0,,57.66,0.0
LEAD-1322,CMP-101,2025-03-17,0,,290.2,0.0
LEAD-1323,CMP-102,2025-01-24,0,,136.48,0.0
LEAD-1324,CMP-102,2025-01-20,0,,185.83,0.0
LEAD-1325,CMP-102,2025-02-05,0,,148.88,0.0
LEAD-1326,CMP-103,2025-03-20,1,2025-03-26,213.75,1192.13
LEAD-1327,CMP-101,2025-01-12,0,,166.45,0.0
LEAD-1328,CMP-104,2025-01-26,0,,277.26,0.0
LEAD-1329,CMP-101,2025-02-13,0,,178.15,0.0
LEAD-1330,CMP-102,2025-02-07,0,,111.81,0.0
LEAD-1331,CMP-104,2025-01-14,0,,139.81,0.0
LEAD-1332,CMP-102,2025-03-11,0,,128.04,0.0
LEAD-1333,CMP-102,2025-02-04,0,,131.3,0.0
LEAD-1334,CMP-104,2025-02-25,0,,109.26,0.0
LEAD-1335,CMP-101,2025-01-10,0,,92.44,0.0
LEAD-1336,CMP-102,2025-01-10,0,,86.44,0.0
LEAD-1337,CMP-102,2025-01-08,0,,226.69,0.0
LEAD-1338,CMP-101,2025-03-25,0,,201.38,0.0
LEAD-1339,CMP-102,2025-03-17,0,,261.04,0.0
LEAD-1340,CMP-104,2025-01-28,1,2025-02-03,101.46,311.92
LEAD-1341,CMP-101,2025-01-02,0,,107.78,0.0
LEAD-1342,CMP-101,2025-01-01,0,,163.05,0.0
LEAD-1343,CMP-105,2025-03-10,0,,196.17,0.0
LEAD-1344,CMP-103,2025-01-20,1,2025-01-28,221.49,217.38
LEAD-1345,CMP-101,2025-01-29,1,2025-02-06,178.9,688.85
LEAD-1346,CMP-103,2025-03-25,0,,83.18,0.0
LEAD-1347,CMP-101,2025-02-19,0,,218.36,0.0
LEAD-1348,CMP-105,2025-01-01,1,2025-01-14,160.94,1068.14
LEAD-1349,CMP-101,2025-02-03,0,,294.66,0.0
LEAD-1350,CMP-102,2025-01-30,0,,204.46,0.0
LEAD-1351,CMP-104,2025-03-17,0,,248.88,0.0
LEAD-1352,CMP-105,2025-01-01,0,,214.72,0.0
LEAD-1353,CMP-102,2025-03-10,0,,137.14,0.0
LEAD-1354,CMP-101,2025-03-05,0,,294.29,0.0
LEAD-1355,CMP-102,2025-02-17,1,2025-02-22,191.75,938.45
LEAD-1356,CMP-104,2025-01-04,0,,251.96,0.0
LEAD-1357,CMP-104,2025-01-23,0,,254.46,0.0
LEAD-1358,CMP-101,2025-02-23,0,,132.1,0.0
LEAD-1359,CMP-103,2025-03-12,0,,145.1,0.0
LEAD-1360,CMP-102,2025-02-02,0,,143.31,0.0
LEAD-1361,CMP-101,2025-03-31,0,,92.11,0.0
LEAD-1362,CMP-103,2025-03-07,0,,144.95,0.0
LEAD-1363,CMP-104,2025-02-17,1,2025-03-01,56.41,541.25
LEAD-1364,CMP-102,2025-02-17,0,,183.4,0.0
LEAD-1365,CMP-103,2025-02-17,0,,236.72,0.0
LEAD-1366,CMP-103,2025-02-12,0,,98.94,0.0
LEAD-1367,CMP-101,2025-02-16,0,,288.67,0.0
LEAD-1368,CMP-103,2025-02-20,0,,283.61,0.0
LEAD-1369,CMP-102,2025-02-03,0,,204.34,0.0
LEAD-1370,CMP-102,2025-01-27,1,2025-02-08,184.79,511.31
LEAD-1371,CMP-103,2025-01-18,0,,294.18,0.0
LEAD-1372,CMP-104,2025-03-16,0,,264.85,0.0
LEAD-1373,CMP-104,2025-01-31,0,,76.72,0.0
LEAD-1374,CMP-102,2025-02-11,1,2025-02-15,170.89,1005.99
LEAD-1375,CMP-102,2025-02-14,0,,287.85,0.0
LEAD-1376,CMP-103,2025-01-21,1,2025-01-30,248.44,846.61
LEAD-1377,CMP-101,2025-02-11,1,2025-02-12,109.22,980.53
LEAD-1378,CMP-101,2025-01-19,1,2025-01-26,216.89,295.54
LEAD-1379,CMP-103,2025-02-24,0,,92.0,0.0
LEAD-1380,CMP-103,2025-02-02,0,,73.93,0.0
LEAD-1381,CMP-101,2025-01-15,0,,101.55,0.0
LEAD-1382,CMP-103,2025-03-14,0,,198.62,0.0
LEAD-1383,CMP-102,2025-01-02,0,,199.26,0.0
LEAD-1384,CMP-103,2025-02-11,0,,229.4,0.0
LEAD-1385,CMP-103,2025-01-24,0,,76.03,0.0
LEAD-1386,CMP-103,2025-02-11,1,2025-02-24,69.85,285.66
LEAD-1387,CMP-104,2025-01-03,0,,141.74,0.0
LEAD-1388,CMP-101,2025-03-09,0,,257.97,0.0
LEAD-1389,CMP-103,2025-02-13,0,,185.0,0.0
LEAD-1390,CMP-104,2025-02-19,0,,107.71,0.0
LEAD-1391,CMP-102,2025-03-27,0,,298.53,0.0
LEAD-1392,CMP-103,2025-03-22,1,2025-03-29,166.3,260.14
LEAD-1393,CMP-102,2025-02-05,1,2025-02-18,222.5,400.93
LEAD-1394,CMP-102,2025-03-03,0,,255.45,0.0
LEAD-1395,CMP-101,2025-01-16,0,,248.86,0.0
LEAD-1396,CMP-105,2025-01-23,0,,88.1,0.0
LEAD-1397,CMP-105,2025-03-06,1,2025-03-11,73.23,457.05
LEAD-1398,CMP-104,2025-02-01,0,,256.52,0.0
LEAD-1399,CMP-104,2025-01-14,0,,106.84,0.0
LEAD-1400,CMP-101,2025-03-26,0,,109.76,0.0
LEAD-1401,CMP-102,2025-03-08,0,,161.8,0.0
LEAD-1402,CMP-103,2025-02-24,0,,246.57,0.0
LEAD-1403,CMP-102,2025-03-01,1,2025-03-11,175.29,597.18
LEAD-1404,CMP-102,2025-02-14,0,,269.49,0.0
LEAD-1405,CMP-104,2025-01-06,0,,103.0,0.0
LEAD-1406,CMP-104,2025-01-15,0,,93.38,0.0
LEAD-1407,CMP-103,2025-03-23,1,2025-03-25,210.24,1022.48
LEAD-1408,CMP-101,2025-02-23,0,,201.59,0.0
LEAD-1409,CMP-101,2025-03-21,1,2025-04-03,129.38,1152.8
LEAD-1410,CMP-104,2025-01-13,0,,67.04,0.0
LEAD-1411,CMP-101,2025-01-25,0,,69.99,0.0
LEAD-1412,CMP-104,2025-01-13,1,2025-01-17,159.88,305.66
LEAD-1413,CMP-103,2025-02-12,0,,212.55,0.0
LEAD-1414,CMP-101,2025-01-05,1,2025-01-15,102.94,684.6
LEAD-1415,CMP-104,2025-01-31,0,,295.92,0.0
LEAD-1416,CMP-101,2025-01-21,0,,125.82,0.0
LEAD-1417,CMP-101,2025-03-21,0,,204.51,0.0
LEAD-1418,CMP-103,2025-02-09,1,2025-02-16,105.2,373.75
LEAD-1419,CMP-103,2025-02-07,0,,82.68,0.0
LEAD-1420,CMP-104,2025-03-03,0,,138.56,0.0
LEAD-1421,CMP-102,2025-03-27,1,2025-04-01,146.77,1163.82
LEAD-1422,CMP-101,2025-03-03,0,,54.8,0.0
LEAD-1423,CMP-101,2025-01-10,0,,97.42,0.0
LEAD-1424,CMP-103,2025-01-13,0,,110.3,0.0
LEAD-1425,CMP-105,2025-03-23,0,,60.66,0.0
LEAD-1426,CMP-102,2025-03-01,0,,174.83,0.0
LEAD-1427,CMP-101,2025-01-26,0,,266.17,0.0
LEAD-1428,CMP-101,2025-03-23,0,,143.97,0.0
LEAD-1429,CMP-102,2025-02-07,0,,289.06,0.0
LEAD-1430,CMP-101,2025-03-05,1,2025-03-14,285.71,1008.88
LEAD-1431,CMP-101,2025-01-10,1,2025-01-22,245.29,1025.13
LEAD-1432,CMP-102,2025-01-08,1,2025-01-16,106.74,1089.39
LEAD-1433,CMP-102,2025-02-14,0,,234.36,0.0
LEAD-1434,CMP-102,2025-01-08,0,,71.2,0.0
LEAD-1435,CMP-103,2025-02-20,0,,53.03,0.0
LEAD-1436,CMP-105,2025-01-21,0,,165.49,0.0
LEAD-1437,CMP-105,2025-02-21,1,2025-02-28,245.96,554.84
LEAD-1438,CMP-102,2025-01-05,0,,241.09,0.0
LEAD-1439,CMP-101,2025-02-07,0,,178.66,0.0
LEAD-1440,CMP-104,2025-01-08,1,2025-01-17,294.0,867.35
LEAD-1441,CMP-101,2025-02-05,0,,243.66,0.0
LEAD-1442,CMP-103,2025-03-03,1,2025-03-13,249.68,492.82
LEAD-1443,CMP-105,2025-01-13,0,,237.02,0.0
LEAD-1444,CMP-104,2025-01-11,0,,77.7,0.0
LEAD-1445,CMP-102,2025-03-14,0,,158.02,0.0
LEAD-1446,CMP-102,2025-03-30,0,,118.45,0.0
LEAD-1447,CMP-105,2025-02-13,0,,271.73,0.0
LEAD-1448,CMP-103,2025-02-01,0,,269.82,0.0
LEAD-1449,CMP-101,2025-02-16,0,,238.76,0.0
LEAD-1450,CMP-102,2025-01-08,1,2025-01-15,95.15,253.86
LEAD-1451,CMP-101,2025-01-22,1,2025-01-28,184.89,927.95
LEAD-1452,CMP-101,2025-03-26,1,2025-04-06,291.28,688.39
LEAD-1453,CMP-101,2025-02-13,1,2025-02-24,239.55,943.42
LEAD-1454,CMP-103,2025-01-19,0,,73.44,0.0
LEAD-1455,CMP-102,2025-01-25,1,2025-02-02,165.39,209.33
LEAD-1456,CMP-101,2025-01-05,1,2025-01-09,74.79,601.49
LEAD-1457,CMP-104,2025-03-30,0,,233.27,0.0
LEAD-1458,CMP-103,2025-01-27,0,,143.81,0.0
LEAD-1459,CMP-102,2025-02-05,0,,240.25,0.0
LEAD-1460,CMP-101,2025-03-22,0,,237.39,0.0
LEAD-1461,CMP-104,2025-01-20,0,,87.22,0.0
LEAD-1462,CMP-101,2025-02-25,0,,81.18,0.0
LEAD-1463,CMP-102,2025-01-04,1,2025-01-12,104.3,337.82
LEAD-1464,CMP-103,2025-02-23,0,,50.8,0.0
LEAD-1465,CMP-103,2025-01-04,0,,146.92,0.0
LEAD-1466,CMP-102,2025-03-12,0,,210.58,0.0
LEAD-1467,CMP-101,2025-03-21,0,,225.74,0.0
LEAD-1468,CMP-101,2025-01-24,0,,251.25,0.0
LEAD-1469,CMP-101,2025-03-01,0,,209.12,0.0
LEAD-1470,CMP-101,2025-01-24,0,,246.22,0.0
LEAD-1471,CMP-103,2025-01-31,1,2025-02-03,160.05,347.45
LEAD-1472,CMP-101,2025-02-24,0,,142.86,0.0
LEAD-1473,CMP-101,2025-02-16,1,2025-02-28,124.86,373.48
LEAD-1474,CMP-103,2025-01-20,1,2025-01-31,221.48,1191.13
LEAD-1475,CMP-103,2025-01-09,1,2025-01-14,96.12,562.24
LEAD-1476,CMP-101,2025-03-18,0,,196.45,0.0
LEAD-1477,CMP-102,2025-03-11,0,,124.68,0.0
LEAD-1478,CMP-105,2025-02-11,1,2025-02-21,268.18,1041.93
LEAD-1479,CMP-101,2025-02-18,0,,284.34,0.0
LEAD-1480,CMP-103,2025-03-31,0,,231.98,0.0
LEAD-1481,CMP-102,2025-01-01,1,2025-01-05,241.38,358.91
LEAD-1482,CMP-103,2025-03-01,0,,280.66,0.0
LEAD-1483,CMP-102,2025-03-26,0,,64.26,0.0
LEAD-1484,CMP-101,2025-01-07,0,,276.56,0.0
LEAD-1485,CMP-101,2025-03-21,0,,157.22,0.0
LEAD-1486,CMP-104,2025-03-11,0,,171.89,0.0
LEAD-1487,CMP-101,2025-03-25,0,,190.5,0.0
LEAD-1488,CMP-101,2025-02-19,0,,136.84,0.0
LEAD-1489,CMP-104,2025-03-23,1,2025-04-03,290.85,760.17
LEAD-1490,CMP-105,2025-02-11,1,2025-02-19,115.04,930.82
LEAD-1491,CMP-105,2025-03-23,0,,231.29,0.0
LEAD-1492,CMP-101,2025-02-18,0,,293.0,0.0
LEAD-1493,CMP-103,2025-03-02,0,,87.81,0.0
LEAD-1494,CMP-101,2025-03-12,0,,186.28,0.0
LEAD-1495,CMP-105,2025-03-02,1,2025-03-12,185.64,991.7
LEAD-1496,CMP-102,2025-03-11,0,,261.73,0.0
LEAD-1497,CMP-102,2025-01-05,1,2025-01-14,217.26,662.3
LEAD-1498,CMP-102,2025-02-08,0,,65.57,0.0
LEAD-1499,CMP-102,2025-03-01,0,,294.52,0.0
LEAD-1500,CMP-104,2025-02-18,0,,114.66,0.0
